-- phpMyAdmin SQL Dump
-- version 5.2.0
-- https://www.phpmyadmin.net/
--
-- Host: 127.0.0.1
-- Waktu pembuatan: 19 Jan 2023 pada 11.10
-- Versi server: 10.4.27-MariaDB
-- Versi PHP: 8.1.12

SET SQL_MODE = "NO_AUTO_VALUE_ON_ZERO";
START TRANSACTION;
SET time_zone = "+00:00";


/*!40101 SET @OLD_CHARACTER_SET_CLIENT=@@CHARACTER_SET_CLIENT */;
/*!40101 SET @OLD_CHARACTER_SET_RESULTS=@@CHARACTER_SET_RESULTS */;
/*!40101 SET @OLD_COLLATION_CONNECTION=@@COLLATION_CONNECTION */;
/*!40101 SET NAMES utf8mb4 */;

--
-- Database: `spklaravel`
--

-- --------------------------------------------------------

--
-- Struktur dari tabel `failed_jobs`
--

CREATE TABLE `failed_jobs` (
  `id` bigint(20) UNSIGNED NOT NULL,
  `uuid` varchar(255) NOT NULL,
  `connection` text NOT NULL,
  `queue` text NOT NULL,
  `payload` longtext NOT NULL,
  `exception` longtext NOT NULL,
  `failed_at` timestamp NOT NULL DEFAULT current_timestamp()
) ENGINE=InnoDB DEFAULT CHARSET=utf8mb4 COLLATE=utf8mb4_unicode_ci;

-- --------------------------------------------------------

--
-- Struktur dari tabel `jurusans`
--

CREATE TABLE `jurusans` (
  `id` bigint(20) UNSIGNED NOT NULL,
  `nama_jurusan` varchar(255) NOT NULL,
  `keterangan` text NOT NULL DEFAULT '-',
  `created_at` timestamp NULL DEFAULT NULL,
  `updated_at` timestamp NULL DEFAULT NULL
) ENGINE=InnoDB DEFAULT CHARSET=utf8mb4 COLLATE=utf8mb4_unicode_ci;

--
-- Dumping data untuk tabel `jurusans`
--

INSERT INTO `jurusans` (`id`, `nama_jurusan`, `keterangan`, `created_at`, `updated_at`) VALUES
(5, 'TEKNIK ELEKTRO', '-', '2020-11-08 17:06:28', '2021-01-01 16:52:03'),
(6, 'TEKNOLOGI INFORMASI', '-', '2020-11-09 22:03:20', '2021-01-01 16:52:19'),
(7, 'TEKNIK MESIN', '-', '2020-11-10 20:57:32', '2021-01-01 16:52:30'),
(8, 'AKUNTANSI', '-', '2020-11-10 20:58:15', '2021-01-01 16:52:38'),
(9, 'ADMINISTRASI NIAGA', '-', '2020-11-10 21:00:40', '2021-01-01 16:52:51'),
(10, 'BAHASA INGGRIS', '-', '2020-11-10 21:01:12', '2021-01-01 16:53:03'),
(11, 'TEKNIK SIPIL', '-', '2020-11-10 21:02:50', '2021-01-01 16:53:17');

-- --------------------------------------------------------

--
-- Struktur dari tabel `jurusan_sekolahs`
--

CREATE TABLE `jurusan_sekolahs` (
  `id` bigint(20) UNSIGNED NOT NULL,
  `nama_jurusan` varchar(255) NOT NULL,
  `keterangan` text NOT NULL DEFAULT '-',
  `created_at` timestamp NULL DEFAULT NULL,
  `updated_at` timestamp NULL DEFAULT NULL
) ENGINE=InnoDB DEFAULT CHARSET=utf8mb4 COLLATE=utf8mb4_unicode_ci;

--
-- Dumping data untuk tabel `jurusan_sekolahs`
--

INSERT INTO `jurusan_sekolahs` (`id`, `nama_jurusan`, `keterangan`, `created_at`, `updated_at`) VALUES
(2, 'SMA-IPA', '', '2020-11-09 20:35:39', '2021-01-01 00:21:52'),
(3, 'SMA-IPS', '', '2020-11-09 20:40:08', '2021-01-01 00:27:07'),
(4, 'SMK-TEKNIK OTOMASI INDUSTRI', '', '2020-11-09 21:03:58', '2021-01-01 00:29:05'),
(5, 'SMA-BAHASA', '', '2021-01-01 00:30:36', '2021-01-01 00:30:36'),
(6, 'SMK-TEKNIK PENDINGIN DAN TATA UDARA', '', '2021-01-01 00:32:56', '2021-01-01 00:32:56'),
(7, 'SMK-TEKNIK PERMESINAN', '', '2021-01-01 00:33:35', '2021-01-01 00:33:46'),
(8, 'SMK-TEKNIK PENGELASAN', '', '2021-01-01 00:34:39', '2021-01-01 00:34:39'),
(9, 'SMK-TEKNIK PENECORAN LOGAM', '', '2021-01-01 00:35:06', '2021-01-01 00:35:06'),
(10, 'SMK-TEKNIK MEKANIK INDUSTRI', '', '2021-01-01 17:17:47', '2021-01-01 17:17:47'),
(11, 'SMK-TEKNIK PERANCANGAN DAN GAMBAR MESIN', '', '2021-01-01 17:18:19', '2021-01-01 17:18:19'),
(12, 'SMK-TEKNIK FABRIKASI LOGAM DAN MANUFAKTUR', '', '2021-01-01 17:19:02', '2021-01-01 17:19:02'),
(13, 'SMK-AIRFRAME POWER PLANT', '', '2021-01-01 17:19:41', '2021-01-01 17:19:41'),
(14, 'SMK-AIRCRAFT SHEET METAL FORMING', '', '2021-01-01 17:20:46', '2021-01-01 17:21:28'),
(15, 'SMK-AIRFRAME MECHANIC', '', '2021-01-01 17:21:09', '2021-01-01 17:21:42'),
(16, 'SMK-AIRCRAFT ELECTRICITY', '', '2021-01-01 17:23:40', '2021-01-01 17:23:40'),
(17, 'SMK-AVIATION ELECTRONICS', '', '2021-01-01 17:24:19', '2021-01-01 17:24:19'),
(18, 'SMK-ELECTRICAL AVIONICS', '', '2021-01-01 17:24:44', '2021-01-01 17:24:44'),
(19, 'SMK-TEKNIK INSTRUMENTASI LOGAM', '', '2021-01-01 17:25:11', '2021-01-01 17:25:11'),
(20, 'SMK-INSTRUMENTASI DAN OTOMATISASI PROSES', '', '2021-01-01 17:25:41', '2021-01-01 17:25:54'),
(21, 'SMK-TEKNIK PENGENDALIAN PRODUKSI', '', '2021-01-01 17:26:21', '2021-01-01 17:26:21'),
(22, 'SMK-TEKNIK LOGISTIK', '', '2021-01-01 17:26:34', '2021-01-01 17:26:34'),
(23, 'SMK-ANALISIS PENGUJIAN LABORATORIUM', '', '2021-01-01 17:29:09', '2021-01-01 17:29:09'),
(24, 'SMK-KIMIA INDUSTRI', '', '2021-01-01 17:35:36', '2021-01-01 17:35:36'),
(25, 'SMK-TEKNIK KENDARAAN RINGAN OTOM0TIF', '', '2021-01-01 17:36:44', '2021-01-01 17:37:02'),
(26, 'SMK-TEKNIK DAN BISNIS SEPEDA MOTOR', '', '2021-01-01 17:37:33', '2021-01-01 17:37:33'),
(27, 'SMK-TEKNIK ALAT BERAT', '', '2021-01-01 17:38:06', '2021-01-01 17:38:06'),
(28, 'SMK-TEKNIK BODI OTOMOTIF', '', '2021-01-01 17:38:24', '2021-01-01 17:38:24'),
(29, 'SMK-TEKNIK DAN MANAJEMEN PERAWATAN OTOMOTIF', '', '2021-01-01 17:39:06', '2021-01-01 17:39:06'),
(30, 'SMK-OTOMOTIF DAYA DAN KONVERSI ENERGI', '', '2021-01-01 17:39:32', '2021-01-01 17:39:32'),
(31, 'SMK-TEKNIK KONSTRUKSI KAPAL BAJA', '', '2021-01-01 17:40:23', '2021-01-01 17:40:23'),
(32, 'SMK-TEKNIK PEMESINAN KAPAL', '', '2021-01-01 17:41:13', '2021-01-01 17:41:13'),
(33, 'SMK-TEKNIK PENGELASAN KAPAL', '', '2021-01-01 17:41:32', '2021-01-01 17:41:32'),
(34, 'SMK-DESAIN DAN RANCANG BANGUN KAPAL', '', '2021-01-01 17:42:01', '2021-01-01 17:42:01'),
(35, 'SMK-TEKNIK ENERGI SURYA', '', '2021-01-01 17:42:18', '2021-01-01 17:42:18'),
(36, 'SMK-HIDRO DAN ANGIN', '', '2021-01-01 17:42:50', '2021-01-01 17:42:50'),
(37, 'SMK-ALAT MESIN PERTANIAN', '', '2021-01-01 17:43:06', '2021-01-01 17:43:06'),
(39, 'SMK-BISNIS KONSTRUKSI DAN PROPERTI', '', '2021-01-01 19:23:43', '2021-01-01 19:23:43'),
(40, 'SMK-DESAIN PEMODELAN DAN INFROMASI BANGUNAN', '', '2021-01-01 19:24:34', '2021-01-01 19:24:34'),
(41, 'SMK-GEOLOGI PERTAMBANGAN', '', '2021-01-01 19:25:28', '2021-01-01 19:25:28'),
(42, 'SMK-INFORMASI GEOSPASIAL', '', '2021-01-01 19:25:49', '2021-01-01 19:25:49'),
(43, 'SMK-KONTSTRUKSI GEDUNG', '', '2021-01-01 19:26:21', '2021-01-01 19:26:21'),
(44, 'SMK-KONSTRUKSI GEDUNG', '', '2021-01-01 19:26:21', '2021-01-01 19:26:34'),
(45, 'SMK-SANITASI DAN PERAWATAN', '', '2021-01-01 19:28:10', '2021-01-01 19:28:10'),
(46, 'SMK-KOSTRUKSI JALAN', '', '2021-01-01 19:28:39', '2021-01-01 19:28:39'),
(47, 'SMK-IRIGASI DAN JEMBATAN', '', '2021-01-01 19:29:27', '2021-01-01 19:29:27'),
(48, 'SMK-TEKNIK GEOMATIKA', '', '2021-01-01 19:29:47', '2021-01-01 19:29:47'),
(49, 'SMK-DESIGN PERMODELAN INFORMASI BANGUNAN', '', '2021-01-01 19:30:53', '2021-01-01 19:30:53'),
(50, 'SMK-PEMELIHARAAN DAN PERBAIKAN MOTOR DAN RANGKA PESAWAT UDARA', '', '2021-01-01 19:56:40', '2021-01-01 19:56:40'),
(51, 'SMK-TEKNIK ELEKTRONIKA DAYA DAN KOMUNIKASI', '', '2021-01-01 19:57:43', '2021-01-01 19:57:43'),
(52, 'SMK-TEKNIK ELEKTRONIKA INDUSTRI', '', '2021-01-01 19:58:27', '2021-01-01 19:58:27'),
(53, 'SMK-TEKNIK ENERGI BIO MASSA', '', '2021-01-01 19:58:59', '2021-01-01 19:58:59'),
(54, 'SMK-TEKNIK ENERGI HIDRO', '', '2021-01-01 20:00:06', '2021-01-01 20:00:06'),
(56, 'SMK-TEKNIK INSTALASI TENAGA LISTRIK', '', '2021-01-01 20:03:40', '2021-01-01 20:03:40'),
(57, 'SMK-TEKNIK JARINGAN TENAGA LISTRIK', '', '2021-01-01 20:04:20', '2021-01-01 20:04:20'),
(58, 'SMK-TEKNIK KELISTRIKAN KAPAL', '', '2021-01-01 20:04:44', '2021-01-01 20:04:44'),
(59, 'SMK-TEKNIK MEKATRONIKA', '', '2021-01-01 20:05:35', '2021-01-01 20:05:35'),
(60, 'SMK-TEKNIK PEMBANGKIT TENAGA LISTRIK', '', '2021-01-01 20:06:44', '2021-01-01 20:06:44'),
(61, 'SMK-TEKNIK TENAGA LISTRIK', '', '2021-01-01 20:07:12', '2021-01-01 20:07:12'),
(62, 'SMK-INSTRUMENTASI MEDIK', '', '2021-01-01 23:08:45', '2021-01-01 23:08:45'),
(63, 'SMK-MULTIMEDIA', '', '2021-01-01 23:09:03', '2021-01-01 23:09:03'),
(64, 'SMK-REKAYASA PERANGKAT LUNAK', '', '2021-01-01 23:09:39', '2021-01-01 23:09:39'),
(65, 'SMK-SISTEM INFORMATIKA', '', '2021-01-01 23:10:36', '2021-01-01 23:10:36'),
(66, 'SMK-JARINGAN DAN APLIKASI', '', '2021-01-01 23:11:06', '2021-01-01 23:11:06'),
(67, 'SMK-TEKNIK AUDIO VIDEO', '', '2021-01-01 23:11:59', '2021-01-01 23:11:59'),
(68, 'SMK-TEKNIK JARINGAN AKSES TELEKOMUNIKASI', '', '2021-01-01 23:13:01', '2021-01-01 23:34:09'),
(70, 'SMK-TEKNIK KOMPUTER DAN JARINGAN', '', '2021-01-01 23:14:39', '2021-01-01 23:14:39'),
(71, 'SMK-TEKNIK LABORATORIUM MEDIK', '', '2021-01-01 23:15:27', '2021-01-01 23:15:27'),
(74, 'SMK-TEKNIK TRANSMISI TELEKOMUNIKASI', '', '2021-01-01 23:18:26', '2021-01-01 23:18:26'),
(75, 'SMK-ANIMASI', '', '2021-01-01 23:48:30', '2021-01-01 23:48:30'),
(76, 'SMK-PRODUKSI DAN SIARAN PROGRAM RADIO', '', '2021-01-01 23:51:47', '2021-01-01 23:52:17'),
(77, 'SMK-PRODUKSI DAN SIARAN PROGRAM TELEVISI', '', '2021-01-01 23:54:42', '2021-01-01 23:54:42'),
(78, 'SMK-PRODUKSI FILM DAN PROGRAM TELEVISI', '', '2021-01-01 23:56:29', '2021-01-01 23:57:35'),
(79, 'SMK-SENI BROADCASTING DAN FILM', '', '2021-01-01 23:59:00', '2021-01-01 23:59:00'),
(80, 'SMK-TEKNIK KOMPUTER DAN INFORMATIKA', '', '2021-01-02 00:02:26', '2021-01-02 00:02:26'),
(81, 'SMK-AKUNTANSI DAN KEUANGAN', '', '2021-01-02 00:04:52', '2021-01-02 00:04:52'),
(82, 'SMK-AKUNTANSI DAN KEUANGAN LEMBAGA', '', '2021-01-02 00:06:49', '2021-01-02 00:06:49'),
(83, 'SMK-PERBANKAN DAN KEUANGAN MIKRO', '', '2021-01-02 00:08:23', '2021-01-02 00:08:23'),
(84, 'SMK-PERBANKAN SYARIAH', '', '2021-01-02 00:09:54', '2021-01-02 00:09:54'),
(85, 'SMK-BISNIS DAN PEMASARAN', '', '2021-01-02 00:26:21', '2021-01-02 00:26:21'),
(86, 'SMK-BISNIS DARING DAN PEMASARAN', '', '2021-01-02 00:27:43', '2021-01-02 00:27:43'),
(87, 'SMK-LOGISTIK', '', '2021-01-02 00:28:41', '2021-01-02 00:28:41'),
(88, 'SMK-MANAJEMEN LOGISTIK', '', '2021-01-02 00:29:26', '2021-01-02 00:29:26'),
(89, 'SMK-MANAJEMEN PERKANTORAN', '', '2021-01-02 00:30:52', '2021-01-02 00:30:52'),
(90, 'SMK-OTOMATISASI DAN TATA KELOLA PERKANTORAN', '', '2021-01-02 00:33:16', '2021-01-02 00:33:16'),
(91, 'SMK-RETAIL', '', '2021-01-03 20:00:09', '2021-01-03 20:00:09'),
(92, 'SMK-HOTEL DAN RESTORAN', '', '2021-01-03 20:05:09', '2021-01-03 20:05:09'),
(93, 'SMK-PERHOTELAN', '', '2021-01-03 20:06:01', '2021-01-03 20:06:01'),
(94, 'SMK-PERHOTELAN DAN JASA PARIWISATA', '', '2021-01-03 20:06:59', '2021-01-03 20:06:59'),
(95, 'SMK-TATA BOGA', '', '2021-01-03 20:07:21', '2021-01-03 20:07:21'),
(96, 'SMK-USAHA PERJALANAN WISATA', '', '2021-01-03 20:07:48', '2021-01-03 20:07:48'),
(97, 'SMK-WISATA BAHARI DAN EKOWISATA', '', '2021-01-03 20:08:59', '2021-01-03 20:08:59'),
(98, 'SMK-PEMELIHARAAN DAN PERBAIKAN INSTRUMEN ELEKTRONIKA PESAWAT UDARA', '', '2021-01-03 20:25:42', '2021-01-03 20:25:42'),
(99, 'SMK-DESAIN KOMUNIKASI VISUAL', '', '2021-01-03 20:27:08', '2021-01-03 20:27:08'),
(100, 'SMK-SISTEM INFORMATIKA JARINGAN DAN APLIKASI', '', '2021-01-03 20:34:12', '2021-01-03 20:34:12'),
(101, 'SMK-TEKNIK ELEKTRONIKA', '', '2021-01-03 20:36:25', '2021-01-03 20:36:25'),
(102, 'SMK-TEKNIK KETENAGALISTRIKAN', '', '2021-01-03 20:38:34', '2021-01-03 20:38:34'),
(103, 'AIRCRAFT MACHINING', '', '2021-01-03 20:40:55', '2021-01-03 20:40:55'),
(104, 'SMK-KONSTRUKSI KAPAL NON BAJA', '', '2021-01-03 20:42:08', '2021-01-03 20:42:32'),
(105, 'SMK-OTOMATISASI PERTANIAN', '', '2021-01-03 20:44:33', '2021-01-03 20:44:33'),
(106, 'SMK-TEKNOLOGI PRODUKSI HASIL HUTAN', '', '2021-01-03 20:46:19', '2021-01-03 20:46:19'),
(107, 'SMK-INDUSTRI PERIKANAN LAUT', '', '2021-01-03 20:47:18', '2021-01-03 20:47:18'),
(108, 'SMK-TEKNIK GEOMATIKA DAN GEOSPASIAL', '', '2021-01-03 20:48:39', '2021-01-03 20:48:39'),
(109, 'SMK-TEKNIK ENERGI SURYA', '', '2021-01-03 20:50:52', '2021-01-03 20:50:52'),
(110, 'SMK-TEKNIK ENERGI TERBARUKAN', '', '2021-01-03 20:51:54', '2021-01-03 20:51:00');

-- --------------------------------------------------------

--
-- Struktur dari tabel `kriterias`
--

CREATE TABLE `kriterias` (
  `id` bigint(20) UNSIGNED NOT NULL,
  `nama_kriteria` varchar(255) NOT NULL,
  `created_at` timestamp NULL DEFAULT NULL,
  `updated_at` timestamp NULL DEFAULT NULL
) ENGINE=InnoDB DEFAULT CHARSET=utf8mb4 COLLATE=utf8mb4_unicode_ci;

--
-- Dumping data untuk tabel `kriterias`
--

INSERT INTO `kriterias` (`id`, `nama_kriteria`, `created_at`, `updated_at`) VALUES
(4, 'Minat', '2021-01-02 14:04:11', '2021-01-02 14:04:32'),
(5, 'Bakat', '2021-01-02 14:04:22', '2021-01-02 14:04:22'),
(6, 'Hobi', '2021-01-02 14:04:44', '2021-01-02 14:04:44');

-- --------------------------------------------------------

--
-- Struktur dari tabel `migrations`
--

CREATE TABLE `migrations` (
  `id` int(10) UNSIGNED NOT NULL,
  `migration` varchar(255) NOT NULL,
  `batch` int(11) NOT NULL
) ENGINE=InnoDB DEFAULT CHARSET=utf8mb4 COLLATE=utf8mb4_unicode_ci;

--
-- Dumping data untuk tabel `migrations`
--

INSERT INTO `migrations` (`id`, `migration`, `batch`) VALUES
(1, '2014_10_12_000000_create_users_table', 1),
(2, '2014_10_12_100000_create_password_resets_table', 1),
(3, '2019_12_14_000001_create_personal_access_tokens_table', 1),
(4, '2020_11_07_052238_create_jurusan_sekolahs_table', 1),
(5, '2020_11_07_052447_create_jurusans_table', 1),
(6, '2020_11_07_052625_create_kriterias_table', 1),
(7, '2020_11_07_140403_create_prodis_table', 1),
(8, '2020_11_07_143630_create_tabel_pilihans_table', 1),
(9, '2021_01_17_170024_create_preferences_table', 1),
(10, '2021_01_19_070335_create_pertanyaans_table', 1);

-- --------------------------------------------------------

--
-- Struktur dari tabel `password_resets`
--

CREATE TABLE `password_resets` (
  `email` varchar(255) NOT NULL,
  `token` varchar(255) NOT NULL,
  `created_at` timestamp NULL DEFAULT NULL
) ENGINE=InnoDB DEFAULT CHARSET=utf8mb4 COLLATE=utf8mb4_unicode_ci;

-- --------------------------------------------------------

--
-- Struktur dari tabel `personal_access_tokens`
--

CREATE TABLE `personal_access_tokens` (
  `id` bigint(20) UNSIGNED NOT NULL,
  `tokenable_type` varchar(255) NOT NULL,
  `tokenable_id` bigint(20) UNSIGNED NOT NULL,
  `name` varchar(255) NOT NULL,
  `token` varchar(64) NOT NULL,
  `abilities` text DEFAULT NULL,
  `last_used_at` timestamp NULL DEFAULT NULL,
  `expires_at` timestamp NULL DEFAULT NULL,
  `created_at` timestamp NULL DEFAULT NULL,
  `updated_at` timestamp NULL DEFAULT NULL
) ENGINE=InnoDB DEFAULT CHARSET=utf8mb4 COLLATE=utf8mb4_unicode_ci;

-- --------------------------------------------------------

--
-- Struktur dari tabel `pertanyaans`
--

CREATE TABLE `pertanyaans` (
  `id` bigint(20) UNSIGNED NOT NULL,
  `id_prodi` bigint(20) UNSIGNED NOT NULL,
  `id_kriteria` bigint(20) UNSIGNED NOT NULL,
  `pertanyaan` varchar(255) NOT NULL,
  `created_at` timestamp NULL DEFAULT NULL,
  `updated_at` timestamp NULL DEFAULT NULL
) ENGINE=InnoDB DEFAULT CHARSET=utf8mb4 COLLATE=utf8mb4_unicode_ci;

-- --------------------------------------------------------

--
-- Struktur dari tabel `preferences`
--

CREATE TABLE `preferences` (
  `id` bigint(20) UNSIGNED NOT NULL,
  `kriteria1` int(11) NOT NULL,
  `lable` varchar(255) NOT NULL,
  `bobot` int(11) NOT NULL,
  `kriteria2` int(11) NOT NULL,
  `created_at` timestamp NULL DEFAULT NULL,
  `updated_at` timestamp NULL DEFAULT NULL
) ENGINE=InnoDB DEFAULT CHARSET=utf8mb4 COLLATE=utf8mb4_unicode_ci;

--
-- Dumping data untuk tabel `preferences`
--

INSERT INTO `preferences` (`id`, `kriteria1`, `lable`, `bobot`, `kriteria2`, `created_at`, `updated_at`) VALUES
(1, 5, 'Penting dari', 5, 6, '2021-08-24 01:57:10', '2021-08-24 01:57:10'),
(2, 4, 'Mutlak Penting', 7, 6, '2021-08-24 01:57:42', '2021-08-24 01:58:15'),
(3, 4, 'Penting dari', 5, 5, '2021-08-24 01:58:39', '2021-08-24 01:58:39');

-- --------------------------------------------------------

--
-- Struktur dari tabel `prodis`
--

CREATE TABLE `prodis` (
  `id` bigint(20) UNSIGNED NOT NULL,
  `jurusan_id` bigint(20) UNSIGNED NOT NULL,
  `nama_prodi` varchar(255) NOT NULL,
  `keterangan` text NOT NULL,
  `created_at` timestamp NULL DEFAULT NULL,
  `updated_at` timestamp NULL DEFAULT NULL
) ENGINE=InnoDB DEFAULT CHARSET=utf8mb4 COLLATE=utf8mb4_unicode_ci;

--
-- Dumping data untuk tabel `prodis`
--

INSERT INTO `prodis` (`id`, `jurusan_id`, `nama_prodi`, `keterangan`, `created_at`, `updated_at`) VALUES
(3, 6, 'D3 - MANAJEMEN INFORMATIKA', '', '2020-11-10 06:41:05', '2021-01-01 16:54:14'),
(5, 6, 'D3 - TEKNIK KOMPUTER', '', '2020-11-10 00:28:05', '2021-01-01 16:54:31'),
(6, 8, 'D4 - AKUNTANSI', '', '2020-11-10 21:06:42', '2021-01-01 16:55:06'),
(7, 8, 'D3 - AKUNTANSI', '', '2020-11-10 21:14:37', '2021-01-01 16:55:28'),
(8, 9, 'D3 - ADMINISTRASI BISNIS', '', '2020-11-10 21:16:01', '2021-01-01 16:57:05'),
(9, 9, 'D3 - USAHA PERJALANAN WISATA', '', '2020-11-10 21:16:29', '2021-01-01 16:57:41'),
(10, 6, 'D4 - REKAYASA PERANGKAT LUNAK', '', '2021-01-01 16:49:30', '2021-01-01 16:58:19'),
(11, 7, 'D3 - TEKNIK MESIN', '', '2021-01-01 16:58:57', '2021-01-01 16:58:57'),
(12, 11, 'D3 - TEKNIK SIPIL', '', '2021-01-01 16:59:37', '2021-01-01 16:59:37'),
(13, 5, 'D3 - TEKNIK LISRIK', '', '2021-01-01 17:00:44', '2021-01-01 17:00:44'),
(14, 5, 'D3 - TEKNIK ELEKTRONIKA', '', '2021-01-01 17:01:04', '2021-01-01 17:01:04'),
(15, 5, 'D3 - TEKNIK TELEKOMUNIKASI', '', '2021-01-01 17:01:41', '2021-01-01 17:01:41'),
(16, 10, 'D3 - BAHASA INGGRIS', '', '2021-01-01 17:03:49', '2021-01-01 17:03:49'),
(17, 5, 'D4 - TEKNIK ELEKTRONIKA', '', '2021-01-01 17:04:44', '2021-01-01 17:04:44'),
(18, 5, 'D4 - TEKNIK TELKOMUNIKASI', '', '2021-01-01 17:05:06', '2021-01-01 17:05:06'),
(19, 7, 'D4 - TEKNIK MANUFAKTUR', '', '2021-01-01 17:05:47', '2021-01-01 17:05:47'),
(20, 11, 'D4 - PERANCANGAN JALAN DAN JEMBATAN', '', '2021-01-01 17:06:36', '2021-01-01 17:06:36'),
(21, 11, 'D4 - PERENCANAAN PERENCANAAN IRIGASI DAN RAWA', '', '2021-01-01 17:07:51', '2021-01-01 17:07:51'),
(22, 5, 'D4 - TEKNOLOGI REKAYASA INSTALASI LISTRIK', '', '2021-01-01 17:09:42', '2021-01-01 17:09:42'),
(23, 11, 'D4 - MANAJEMEN REKAYASA KONSTRUKSI', '', '2021-01-01 17:10:08', '2021-01-01 17:11:40');

-- --------------------------------------------------------

--
-- Struktur dari tabel `tabel_pilihans`
--

CREATE TABLE `tabel_pilihans` (
  `id` bigint(20) UNSIGNED NOT NULL,
  `id_jurusan_sekolah` bigint(20) UNSIGNED NOT NULL,
  `prodi_id` bigint(20) UNSIGNED NOT NULL,
  `created_at` timestamp NULL DEFAULT NULL,
  `updated_at` timestamp NULL DEFAULT NULL
) ENGINE=InnoDB DEFAULT CHARSET=utf8mb4 COLLATE=utf8mb4_unicode_ci;

--
-- Dumping data untuk tabel `tabel_pilihans`
--

INSERT INTO `tabel_pilihans` (`id`, `id_jurusan_sekolah`, `prodi_id`, `created_at`, `updated_at`) VALUES
(24, 2, 13, '2021-01-01 17:14:06', '2021-01-01 17:14:06'),
(25, 2, 14, '2021-01-01 17:14:06', '2021-01-01 17:14:06'),
(26, 2, 15, '2021-01-01 17:14:06', '2021-01-01 17:14:06'),
(27, 2, 17, '2021-01-01 17:14:06', '2021-01-01 17:14:06'),
(28, 2, 18, '2021-01-01 17:14:06', '2021-01-01 17:14:06'),
(29, 2, 22, '2021-01-01 17:14:06', '2021-01-01 17:14:06'),
(30, 2, 3, '2021-01-01 17:14:06', '2021-01-01 17:14:06'),
(31, 2, 5, '2021-01-01 17:14:06', '2021-01-01 17:14:06'),
(32, 2, 10, '2021-01-01 17:14:06', '2021-01-01 17:14:06'),
(33, 2, 11, '2021-01-01 17:14:06', '2021-01-01 17:14:06'),
(34, 2, 19, '2021-01-01 17:14:06', '2021-01-01 17:14:06'),
(35, 2, 6, '2021-01-01 17:14:06', '2021-01-01 17:14:06'),
(36, 2, 7, '2021-01-01 17:14:06', '2021-01-01 17:14:06'),
(37, 2, 8, '2021-01-01 17:14:06', '2021-01-01 17:14:06'),
(38, 2, 9, '2021-01-01 17:14:06', '2021-01-01 17:14:06'),
(39, 2, 16, '2021-01-01 17:14:06', '2021-01-01 17:14:06'),
(40, 2, 12, '2021-01-01 17:14:06', '2021-01-01 17:14:06'),
(41, 2, 20, '2021-01-01 17:14:06', '2021-01-01 17:14:06'),
(42, 2, 21, '2021-01-01 17:14:06', '2021-01-01 17:14:06'),
(43, 2, 23, '2021-01-01 17:14:06', '2021-01-01 17:14:06'),
(44, 3, 6, '2021-01-01 17:14:57', '2021-01-01 17:14:57'),
(45, 3, 7, '2021-01-01 17:14:57', '2021-01-01 17:14:57'),
(46, 3, 8, '2021-01-01 17:14:57', '2021-01-01 17:14:57'),
(47, 3, 9, '2021-01-01 17:14:57', '2021-01-01 17:14:57'),
(48, 3, 16, '2021-01-01 17:14:57', '2021-01-01 17:14:57'),
(92, 5, 9, '2021-01-01 18:13:36', '2021-01-01 18:13:36'),
(93, 5, 16, '2021-01-01 18:13:36', '2021-01-01 18:13:36'),
(94, 4, 13, '2021-01-01 18:13:47', '2021-01-01 18:13:47'),
(95, 4, 14, '2021-01-01 18:13:47', '2021-01-01 18:13:47'),
(96, 4, 15, '2021-01-01 18:13:47', '2021-01-01 18:13:47'),
(97, 4, 17, '2021-01-01 18:13:47', '2021-01-01 18:13:47'),
(98, 4, 18, '2021-01-01 18:13:47', '2021-01-01 18:13:47'),
(99, 4, 5, '2021-01-01 18:13:47', '2021-01-01 18:13:47'),
(100, 4, 11, '2021-01-01 18:13:47', '2021-01-01 18:13:47'),
(101, 4, 19, '2021-01-01 18:13:47', '2021-01-01 18:13:47'),
(102, 4, 16, '2021-01-01 18:13:47', '2021-01-01 18:13:47'),
(103, 6, 14, '2021-01-01 18:14:01', '2021-01-01 18:14:01'),
(104, 6, 17, '2021-01-01 18:14:01', '2021-01-01 18:14:01'),
(105, 6, 11, '2021-01-01 18:14:01', '2021-01-01 18:14:01'),
(106, 6, 16, '2021-01-01 18:14:01', '2021-01-01 18:14:01'),
(107, 7, 11, '2021-01-01 18:14:09', '2021-01-01 18:14:09'),
(108, 7, 19, '2021-01-01 18:14:09', '2021-01-01 18:14:09'),
(109, 7, 16, '2021-01-01 18:14:09', '2021-01-01 18:14:09'),
(110, 8, 11, '2021-01-01 18:14:19', '2021-01-01 18:14:19'),
(111, 8, 19, '2021-01-01 18:14:19', '2021-01-01 18:14:19'),
(112, 8, 16, '2021-01-01 18:14:19', '2021-01-01 18:14:19'),
(113, 9, 11, '2021-01-01 18:14:27', '2021-01-01 18:14:27'),
(114, 9, 19, '2021-01-01 18:14:27', '2021-01-01 18:14:27'),
(115, 9, 16, '2021-01-01 18:14:27', '2021-01-01 18:14:27'),
(116, 10, 11, '2021-01-01 18:14:35', '2021-01-01 18:14:35'),
(117, 10, 19, '2021-01-01 18:14:35', '2021-01-01 18:14:35'),
(118, 10, 16, '2021-01-01 18:14:35', '2021-01-01 18:14:35'),
(119, 11, 11, '2021-01-01 18:14:42', '2021-01-01 18:14:42'),
(120, 11, 19, '2021-01-01 18:14:42', '2021-01-01 18:14:42'),
(121, 11, 16, '2021-01-01 18:14:42', '2021-01-01 18:14:42'),
(122, 12, 11, '2021-01-01 18:14:55', '2021-01-01 18:14:55'),
(123, 12, 19, '2021-01-01 18:14:55', '2021-01-01 18:14:55'),
(124, 12, 16, '2021-01-01 18:14:55', '2021-01-01 18:14:55'),
(125, 13, 11, '2021-01-01 18:15:05', '2021-01-01 18:15:05'),
(126, 13, 16, '2021-01-01 18:15:05', '2021-01-01 18:15:05'),
(127, 14, 11, '2021-01-01 18:15:14', '2021-01-01 18:15:14'),
(128, 14, 19, '2021-01-01 18:15:14', '2021-01-01 18:15:14'),
(129, 14, 16, '2021-01-01 18:15:14', '2021-01-01 18:15:14'),
(130, 15, 11, '2021-01-01 18:15:23', '2021-01-01 18:15:23'),
(131, 15, 16, '2021-01-01 18:15:23', '2021-01-01 18:15:23'),
(132, 16, 14, '2021-01-01 18:15:32', '2021-01-01 18:15:32'),
(133, 16, 17, '2021-01-01 18:15:32', '2021-01-01 18:15:32'),
(134, 16, 3, '2021-01-01 18:15:32', '2021-01-01 18:15:32'),
(135, 16, 5, '2021-01-01 18:15:32', '2021-01-01 18:15:32'),
(136, 16, 10, '2021-01-01 18:15:32', '2021-01-01 18:15:32'),
(137, 16, 11, '2021-01-01 18:15:32', '2021-01-01 18:15:32'),
(138, 16, 16, '2021-01-01 18:15:32', '2021-01-01 18:15:32'),
(139, 17, 14, '2021-01-01 18:15:44', '2021-01-01 18:15:44'),
(140, 17, 17, '2021-01-01 18:15:44', '2021-01-01 18:15:44'),
(141, 17, 3, '2021-01-01 18:15:44', '2021-01-01 18:15:44'),
(142, 17, 5, '2021-01-01 18:15:44', '2021-01-01 18:15:44'),
(143, 17, 10, '2021-01-01 18:15:44', '2021-01-01 18:15:44'),
(144, 17, 11, '2021-01-01 18:15:44', '2021-01-01 18:15:44'),
(145, 17, 16, '2021-01-01 18:15:44', '2021-01-01 18:15:44'),
(155, 18, 14, '2021-01-01 18:18:01', '2021-01-01 18:18:01'),
(156, 18, 15, '2021-01-01 18:18:01', '2021-01-01 18:18:01'),
(157, 18, 17, '2021-01-01 18:18:01', '2021-01-01 18:18:01'),
(158, 18, 18, '2021-01-01 18:18:01', '2021-01-01 18:18:01'),
(159, 18, 3, '2021-01-01 18:18:01', '2021-01-01 18:18:01'),
(160, 18, 5, '2021-01-01 18:18:01', '2021-01-01 18:18:01'),
(161, 18, 10, '2021-01-01 18:18:01', '2021-01-01 18:18:01'),
(162, 18, 11, '2021-01-01 18:18:01', '2021-01-01 18:18:01'),
(163, 18, 16, '2021-01-01 18:18:01', '2021-01-01 18:18:01'),
(164, 19, 11, '2021-01-01 18:18:13', '2021-01-01 18:18:13'),
(165, 19, 16, '2021-01-01 18:18:13', '2021-01-01 18:18:13'),
(166, 20, 14, '2021-01-01 18:19:35', '2021-01-01 18:19:35'),
(167, 20, 15, '2021-01-01 18:19:35', '2021-01-01 18:19:35'),
(168, 20, 17, '2021-01-01 18:19:35', '2021-01-01 18:19:35'),
(169, 20, 18, '2021-01-01 18:19:35', '2021-01-01 18:19:35'),
(170, 20, 22, '2021-01-01 18:19:35', '2021-01-01 18:19:35'),
(171, 20, 11, '2021-01-01 18:19:35', '2021-01-01 18:19:35'),
(172, 20, 16, '2021-01-01 18:19:35', '2021-01-01 18:19:35'),
(173, 21, 14, '2021-01-01 18:20:54', '2021-01-01 18:20:54'),
(174, 21, 17, '2021-01-01 18:20:54', '2021-01-01 18:20:54'),
(175, 21, 11, '2021-01-01 18:20:54', '2021-01-01 18:20:54'),
(176, 21, 19, '2021-01-01 18:20:54', '2021-01-01 18:20:54'),
(177, 21, 16, '2021-01-01 18:20:54', '2021-01-01 18:20:54'),
(183, 22, 11, '2021-01-01 18:23:52', '2021-01-01 18:23:52'),
(184, 22, 16, '2021-01-01 18:23:52', '2021-01-01 18:23:52'),
(185, 23, 11, '2021-01-01 18:24:01', '2021-01-01 18:24:01'),
(186, 23, 16, '2021-01-01 18:24:01', '2021-01-01 18:24:01'),
(187, 24, 11, '2021-01-01 18:24:38', '2021-01-01 18:24:38'),
(188, 24, 16, '2021-01-01 18:24:38', '2021-01-01 18:24:38'),
(189, 25, 11, '2021-01-01 18:25:12', '2021-01-01 18:25:12'),
(190, 25, 16, '2021-01-01 18:25:12', '2021-01-01 18:25:12'),
(191, 26, 11, '2021-01-01 18:26:07', '2021-01-01 18:26:07'),
(192, 26, 16, '2021-01-01 18:26:07', '2021-01-01 18:26:07'),
(193, 27, 11, '2021-01-01 18:27:10', '2021-01-01 18:27:10'),
(194, 27, 16, '2021-01-01 18:27:10', '2021-01-01 18:27:10'),
(195, 28, 11, '2021-01-01 18:28:25', '2021-01-01 18:28:25'),
(196, 28, 16, '2021-01-01 18:28:25', '2021-01-01 18:28:25'),
(197, 29, 11, '2021-01-01 18:31:40', '2021-01-01 18:31:40'),
(198, 29, 16, '2021-01-01 18:31:40', '2021-01-01 18:31:40'),
(199, 30, 14, '2021-01-01 18:33:21', '2021-01-01 18:33:21'),
(200, 30, 11, '2021-01-01 18:33:21', '2021-01-01 18:33:21'),
(201, 30, 16, '2021-01-01 18:33:21', '2021-01-01 18:33:21'),
(202, 31, 11, '2021-01-01 18:36:27', '2021-01-01 18:36:27'),
(203, 31, 19, '2021-01-01 18:36:27', '2021-01-01 18:36:27'),
(204, 31, 16, '2021-01-01 18:36:27', '2021-01-01 18:36:27'),
(205, 32, 11, '2021-01-01 18:38:59', '2021-01-01 18:38:59'),
(206, 32, 19, '2021-01-01 18:38:59', '2021-01-01 18:38:59'),
(207, 32, 16, '2021-01-01 18:38:59', '2021-01-01 18:38:59'),
(208, 33, 11, '2021-01-01 18:45:06', '2021-01-01 18:45:06'),
(209, 33, 19, '2021-01-01 18:45:06', '2021-01-01 18:45:06'),
(210, 33, 16, '2021-01-01 18:45:06', '2021-01-01 18:45:06'),
(211, 34, 11, '2021-01-01 18:46:51', '2021-01-01 18:46:51'),
(212, 34, 19, '2021-01-01 18:46:51', '2021-01-01 18:46:51'),
(213, 34, 16, '2021-01-01 18:46:51', '2021-01-01 18:46:51'),
(214, 35, 13, '2021-01-01 18:50:39', '2021-01-01 18:50:39'),
(215, 35, 14, '2021-01-01 18:50:39', '2021-01-01 18:50:39'),
(216, 35, 17, '2021-01-01 18:50:39', '2021-01-01 18:50:39'),
(217, 35, 22, '2021-01-01 18:50:39', '2021-01-01 18:50:39'),
(218, 35, 11, '2021-01-01 18:50:39', '2021-01-01 18:50:39'),
(219, 35, 16, '2021-01-01 18:50:39', '2021-01-01 18:50:39'),
(220, 36, 13, '2021-01-01 18:51:33', '2021-01-01 18:51:33'),
(221, 36, 14, '2021-01-01 18:51:33', '2021-01-01 18:51:33'),
(222, 36, 17, '2021-01-01 18:51:33', '2021-01-01 18:51:33'),
(223, 36, 22, '2021-01-01 18:51:33', '2021-01-01 18:51:33'),
(224, 36, 11, '2021-01-01 18:51:33', '2021-01-01 18:51:33'),
(225, 36, 16, '2021-01-01 18:51:33', '2021-01-01 18:51:33'),
(226, 37, 11, '2021-01-01 18:53:33', '2021-01-01 18:53:33'),
(227, 37, 19, '2021-01-01 18:53:33', '2021-01-01 18:53:33'),
(228, 37, 16, '2021-01-01 18:53:33', '2021-01-01 18:53:33'),
(234, 40, 16, '2021-01-01 19:35:22', '2021-01-01 19:35:22'),
(235, 40, 12, '2021-01-01 19:35:23', '2021-01-01 19:35:23'),
(236, 40, 20, '2021-01-01 19:35:23', '2021-01-01 19:35:23'),
(237, 40, 21, '2021-01-01 19:35:23', '2021-01-01 19:35:23'),
(238, 40, 23, '2021-01-01 19:35:23', '2021-01-01 19:35:23'),
(239, 39, 16, '2021-01-01 19:35:56', '2021-01-01 19:35:56'),
(240, 39, 12, '2021-01-01 19:35:56', '2021-01-01 19:35:56'),
(241, 39, 20, '2021-01-01 19:35:56', '2021-01-01 19:35:56'),
(242, 39, 21, '2021-01-01 19:35:56', '2021-01-01 19:35:56'),
(243, 39, 23, '2021-01-01 19:35:56', '2021-01-01 19:35:56'),
(244, 41, 16, '2021-01-01 19:40:22', '2021-01-01 19:40:22'),
(245, 41, 12, '2021-01-01 19:40:22', '2021-01-01 19:40:22'),
(246, 41, 20, '2021-01-01 19:40:22', '2021-01-01 19:40:22'),
(247, 41, 21, '2021-01-01 19:40:22', '2021-01-01 19:40:22'),
(248, 41, 23, '2021-01-01 19:40:22', '2021-01-01 19:40:22'),
(249, 42, 16, '2021-01-01 19:42:24', '2021-01-01 19:42:24'),
(250, 42, 12, '2021-01-01 19:42:24', '2021-01-01 19:42:24'),
(251, 42, 20, '2021-01-01 19:42:24', '2021-01-01 19:42:24'),
(252, 42, 21, '2021-01-01 19:42:24', '2021-01-01 19:42:24'),
(253, 42, 23, '2021-01-01 19:42:24', '2021-01-01 19:42:24'),
(258, 43, 16, '2021-01-01 19:43:15', '2021-01-01 19:43:15'),
(259, 43, 12, '2021-01-01 19:43:15', '2021-01-01 19:43:15'),
(260, 43, 20, '2021-01-01 19:43:15', '2021-01-01 19:43:15'),
(261, 43, 21, '2021-01-01 19:43:15', '2021-01-01 19:43:15'),
(262, 43, 23, '2021-01-01 19:43:15', '2021-01-01 19:43:15'),
(263, 44, 16, '2021-01-01 19:43:55', '2021-01-01 19:43:55'),
(264, 44, 12, '2021-01-01 19:43:55', '2021-01-01 19:43:55'),
(265, 44, 20, '2021-01-01 19:43:55', '2021-01-01 19:43:55'),
(266, 44, 21, '2021-01-01 19:43:55', '2021-01-01 19:43:55'),
(267, 44, 23, '2021-01-01 19:43:55', '2021-01-01 19:43:55'),
(268, 45, 16, '2021-01-01 19:44:46', '2021-01-01 19:44:46'),
(269, 45, 12, '2021-01-01 19:44:46', '2021-01-01 19:44:46'),
(270, 45, 20, '2021-01-01 19:44:46', '2021-01-01 19:44:46'),
(271, 45, 21, '2021-01-01 19:44:46', '2021-01-01 19:44:46'),
(272, 45, 23, '2021-01-01 19:44:46', '2021-01-01 19:44:46'),
(273, 46, 16, '2021-01-01 19:49:56', '2021-01-01 19:49:56'),
(274, 46, 12, '2021-01-01 19:49:56', '2021-01-01 19:49:56'),
(275, 46, 20, '2021-01-01 19:49:56', '2021-01-01 19:49:56'),
(276, 46, 21, '2021-01-01 19:49:56', '2021-01-01 19:49:56'),
(277, 46, 23, '2021-01-01 19:49:56', '2021-01-01 19:49:56'),
(278, 47, 16, '2021-01-01 19:51:00', '2021-01-01 19:51:00'),
(279, 47, 12, '2021-01-01 19:51:00', '2021-01-01 19:51:00'),
(280, 47, 20, '2021-01-01 19:51:00', '2021-01-01 19:51:00'),
(281, 47, 21, '2021-01-01 19:51:00', '2021-01-01 19:51:00'),
(282, 47, 23, '2021-01-01 19:51:00', '2021-01-01 19:51:00'),
(283, 48, 16, '2021-01-01 19:52:32', '2021-01-01 19:52:32'),
(284, 48, 12, '2021-01-01 19:52:32', '2021-01-01 19:52:32'),
(285, 48, 20, '2021-01-01 19:52:32', '2021-01-01 19:52:32'),
(286, 48, 21, '2021-01-01 19:52:32', '2021-01-01 19:52:32'),
(287, 48, 23, '2021-01-01 19:52:32', '2021-01-01 19:52:32'),
(288, 49, 16, '2021-01-01 19:53:30', '2021-01-01 19:53:30'),
(289, 49, 12, '2021-01-01 19:53:30', '2021-01-01 19:53:30'),
(290, 50, 13, '2021-01-01 20:11:13', '2021-01-01 20:11:13'),
(291, 50, 16, '2021-01-01 20:11:13', '2021-01-01 20:11:13'),
(292, 51, 13, '2021-01-01 20:14:38', '2021-01-01 20:14:38'),
(293, 51, 14, '2021-01-01 20:14:38', '2021-01-01 20:14:38'),
(294, 51, 15, '2021-01-01 20:14:38', '2021-01-01 20:14:38'),
(295, 51, 17, '2021-01-01 20:14:38', '2021-01-01 20:14:38'),
(296, 51, 18, '2021-01-01 20:14:38', '2021-01-01 20:14:38'),
(297, 51, 3, '2021-01-01 20:14:38', '2021-01-01 20:14:38'),
(298, 51, 5, '2021-01-01 20:14:38', '2021-01-01 20:14:38'),
(299, 51, 10, '2021-01-01 20:14:38', '2021-01-01 20:14:38'),
(300, 51, 16, '2021-01-01 20:14:38', '2021-01-01 20:14:38'),
(301, 52, 13, '2021-01-01 20:15:55', '2021-01-01 20:15:55'),
(302, 52, 14, '2021-01-01 20:15:55', '2021-01-01 20:15:55'),
(303, 52, 15, '2021-01-01 20:15:55', '2021-01-01 20:15:55'),
(304, 52, 17, '2021-01-01 20:15:55', '2021-01-01 20:15:55'),
(305, 52, 18, '2021-01-01 20:15:55', '2021-01-01 20:15:55'),
(306, 52, 3, '2021-01-01 20:15:55', '2021-01-01 20:15:55'),
(307, 52, 5, '2021-01-01 20:15:55', '2021-01-01 20:15:55'),
(308, 52, 10, '2021-01-01 20:15:55', '2021-01-01 20:15:55'),
(309, 52, 16, '2021-01-01 20:15:55', '2021-01-01 20:15:55'),
(310, 53, 13, '2021-01-01 20:17:13', '2021-01-01 20:17:13'),
(311, 53, 14, '2021-01-01 20:17:13', '2021-01-01 20:17:13'),
(312, 53, 17, '2021-01-01 20:17:13', '2021-01-01 20:17:13'),
(313, 53, 22, '2021-01-01 20:17:13', '2021-01-01 20:17:13'),
(314, 53, 16, '2021-01-01 20:17:13', '2021-01-01 20:17:13'),
(315, 54, 13, '2021-01-01 20:18:11', '2021-01-01 20:18:11'),
(316, 54, 22, '2021-01-01 20:18:11', '2021-01-01 20:18:11'),
(317, 54, 16, '2021-01-01 20:18:11', '2021-01-01 20:18:11'),
(318, 56, 13, '2021-01-01 20:19:18', '2021-01-01 20:19:18'),
(319, 56, 14, '2021-01-01 20:19:18', '2021-01-01 20:19:18'),
(320, 56, 15, '2021-01-01 20:19:18', '2021-01-01 20:19:18'),
(321, 56, 17, '2021-01-01 20:19:18', '2021-01-01 20:19:18'),
(322, 56, 18, '2021-01-01 20:19:18', '2021-01-01 20:19:18'),
(323, 56, 22, '2021-01-01 20:19:18', '2021-01-01 20:19:18'),
(324, 56, 16, '2021-01-01 20:19:18', '2021-01-01 20:19:18'),
(325, 57, 13, '2021-01-01 20:21:25', '2021-01-01 20:21:25'),
(326, 57, 14, '2021-01-01 20:21:25', '2021-01-01 20:21:25'),
(327, 57, 15, '2021-01-01 20:21:25', '2021-01-01 20:21:25'),
(328, 57, 17, '2021-01-01 20:21:25', '2021-01-01 20:21:25'),
(329, 57, 18, '2021-01-01 20:21:25', '2021-01-01 20:21:25'),
(330, 57, 22, '2021-01-01 20:21:25', '2021-01-01 20:21:25'),
(331, 57, 16, '2021-01-01 20:21:25', '2021-01-01 20:21:25'),
(332, 58, 13, '2021-01-01 20:24:18', '2021-01-01 20:24:18'),
(333, 58, 14, '2021-01-01 20:24:18', '2021-01-01 20:24:18'),
(334, 58, 17, '2021-01-01 20:24:18', '2021-01-01 20:24:18'),
(335, 58, 16, '2021-01-01 20:24:18', '2021-01-01 20:24:18'),
(336, 59, 13, '2021-01-01 20:26:34', '2021-01-01 20:26:34'),
(337, 59, 14, '2021-01-01 20:26:34', '2021-01-01 20:26:34'),
(338, 59, 17, '2021-01-01 20:26:34', '2021-01-01 20:26:34'),
(339, 59, 3, '2021-01-01 20:26:34', '2021-01-01 20:26:34'),
(340, 59, 5, '2021-01-01 20:26:34', '2021-01-01 20:26:34'),
(341, 59, 10, '2021-01-01 20:26:34', '2021-01-01 20:26:34'),
(342, 59, 19, '2021-01-01 20:26:34', '2021-01-01 20:26:34'),
(343, 59, 16, '2021-01-01 20:26:34', '2021-01-01 20:26:34'),
(356, 62, 14, '2021-01-01 23:19:29', '2021-01-01 23:19:29'),
(357, 62, 15, '2021-01-01 23:19:29', '2021-01-01 23:19:29'),
(358, 62, 17, '2021-01-01 23:19:29', '2021-01-01 23:19:29'),
(359, 62, 18, '2021-01-01 23:19:29', '2021-01-01 23:19:29'),
(360, 62, 16, '2021-01-01 23:19:29', '2021-01-01 23:19:29'),
(361, 63, 14, '2021-01-01 23:20:52', '2021-01-01 23:20:52'),
(362, 63, 15, '2021-01-01 23:20:52', '2021-01-01 23:20:52'),
(363, 63, 17, '2021-01-01 23:20:52', '2021-01-01 23:20:52'),
(364, 63, 18, '2021-01-01 23:20:52', '2021-01-01 23:20:52'),
(365, 63, 3, '2021-01-01 23:20:52', '2021-01-01 23:20:52'),
(366, 63, 10, '2021-01-01 23:20:52', '2021-01-01 23:20:52'),
(367, 63, 16, '2021-01-01 23:20:52', '2021-01-01 23:20:52'),
(368, 64, 14, '2021-01-01 23:23:21', '2021-01-01 23:23:21'),
(369, 64, 15, '2021-01-01 23:23:21', '2021-01-01 23:23:21'),
(370, 64, 17, '2021-01-01 23:23:21', '2021-01-01 23:23:21'),
(371, 64, 18, '2021-01-01 23:23:21', '2021-01-01 23:23:21'),
(372, 64, 3, '2021-01-01 23:23:21', '2021-01-01 23:23:21'),
(373, 64, 10, '2021-01-01 23:23:21', '2021-01-01 23:23:21'),
(374, 64, 16, '2021-01-01 23:23:21', '2021-01-01 23:23:21'),
(383, 65, 14, '2021-01-01 23:27:15', '2021-01-01 23:27:15'),
(384, 65, 15, '2021-01-01 23:27:15', '2021-01-01 23:27:15'),
(385, 65, 17, '2021-01-01 23:27:15', '2021-01-01 23:27:15'),
(386, 65, 18, '2021-01-01 23:27:15', '2021-01-01 23:27:15'),
(387, 65, 3, '2021-01-01 23:27:15', '2021-01-01 23:27:15'),
(388, 65, 5, '2021-01-01 23:27:15', '2021-01-01 23:27:15'),
(389, 65, 10, '2021-01-01 23:27:15', '2021-01-01 23:27:15'),
(390, 65, 16, '2021-01-01 23:27:15', '2021-01-01 23:27:15'),
(391, 66, 14, '2021-01-01 23:28:34', '2021-01-01 23:28:34'),
(392, 66, 15, '2021-01-01 23:28:34', '2021-01-01 23:28:34'),
(393, 66, 17, '2021-01-01 23:28:34', '2021-01-01 23:28:34'),
(394, 66, 18, '2021-01-01 23:28:34', '2021-01-01 23:28:34'),
(395, 66, 3, '2021-01-01 23:28:34', '2021-01-01 23:28:34'),
(396, 66, 5, '2021-01-01 23:28:34', '2021-01-01 23:28:34'),
(397, 66, 10, '2021-01-01 23:28:34', '2021-01-01 23:28:34'),
(398, 66, 16, '2021-01-01 23:28:34', '2021-01-01 23:28:34'),
(399, 67, 14, '2021-01-01 23:31:21', '2021-01-01 23:31:21'),
(400, 67, 15, '2021-01-01 23:31:21', '2021-01-01 23:31:21'),
(401, 67, 17, '2021-01-01 23:31:21', '2021-01-01 23:31:21'),
(402, 67, 18, '2021-01-01 23:31:21', '2021-01-01 23:31:21'),
(403, 67, 3, '2021-01-01 23:31:21', '2021-01-01 23:31:21'),
(404, 67, 5, '2021-01-01 23:31:21', '2021-01-01 23:31:21'),
(405, 67, 10, '2021-01-01 23:31:21', '2021-01-01 23:31:21'),
(406, 67, 16, '2021-01-01 23:31:21', '2021-01-01 23:31:21'),
(407, 68, 14, '2021-01-01 23:35:13', '2021-01-01 23:35:13'),
(408, 68, 15, '2021-01-01 23:35:13', '2021-01-01 23:35:13'),
(409, 68, 17, '2021-01-01 23:35:13', '2021-01-01 23:35:13'),
(410, 68, 18, '2021-01-01 23:35:13', '2021-01-01 23:35:13'),
(411, 68, 3, '2021-01-01 23:35:13', '2021-01-01 23:35:13'),
(412, 68, 5, '2021-01-01 23:35:13', '2021-01-01 23:35:13'),
(413, 68, 10, '2021-01-01 23:35:13', '2021-01-01 23:35:13'),
(414, 68, 16, '2021-01-01 23:35:13', '2021-01-01 23:35:13'),
(415, 70, 14, '2021-01-01 23:36:49', '2021-01-01 23:36:49'),
(416, 70, 15, '2021-01-01 23:36:49', '2021-01-01 23:36:49'),
(417, 70, 17, '2021-01-01 23:36:49', '2021-01-01 23:36:49'),
(418, 70, 18, '2021-01-01 23:36:49', '2021-01-01 23:36:49'),
(419, 70, 3, '2021-01-01 23:36:49', '2021-01-01 23:36:49'),
(420, 70, 5, '2021-01-01 23:36:49', '2021-01-01 23:36:49'),
(421, 70, 10, '2021-01-01 23:36:49', '2021-01-01 23:36:49'),
(422, 70, 16, '2021-01-01 23:36:49', '2021-01-01 23:36:49'),
(423, 71, 14, '2021-01-01 23:38:29', '2021-01-01 23:38:29'),
(424, 71, 16, '2021-01-01 23:38:29', '2021-01-01 23:38:29'),
(425, 60, 13, '2021-01-01 23:41:06', '2021-01-01 23:41:06'),
(426, 60, 14, '2021-01-01 23:41:06', '2021-01-01 23:41:06'),
(427, 60, 15, '2021-01-01 23:41:06', '2021-01-01 23:41:06'),
(428, 60, 17, '2021-01-01 23:41:06', '2021-01-01 23:41:06'),
(429, 60, 18, '2021-01-01 23:41:06', '2021-01-01 23:41:06'),
(430, 60, 22, '2021-01-01 23:41:06', '2021-01-01 23:41:06'),
(431, 60, 16, '2021-01-01 23:41:06', '2021-01-01 23:41:06'),
(432, 61, 13, '2021-01-01 23:42:59', '2021-01-01 23:42:59'),
(433, 61, 14, '2021-01-01 23:42:59', '2021-01-01 23:42:59'),
(434, 61, 15, '2021-01-01 23:42:59', '2021-01-01 23:42:59'),
(435, 61, 17, '2021-01-01 23:42:59', '2021-01-01 23:42:59'),
(436, 61, 18, '2021-01-01 23:42:59', '2021-01-01 23:42:59'),
(437, 61, 22, '2021-01-01 23:42:59', '2021-01-01 23:42:59'),
(438, 61, 16, '2021-01-01 23:42:59', '2021-01-01 23:42:59'),
(439, 74, 14, '2021-01-01 23:45:10', '2021-01-01 23:45:10'),
(440, 74, 15, '2021-01-01 23:45:10', '2021-01-01 23:45:10'),
(441, 74, 17, '2021-01-01 23:45:10', '2021-01-01 23:45:10'),
(442, 74, 18, '2021-01-01 23:45:10', '2021-01-01 23:45:10'),
(443, 74, 3, '2021-01-01 23:45:10', '2021-01-01 23:45:10'),
(444, 74, 5, '2021-01-01 23:45:10', '2021-01-01 23:45:10'),
(445, 74, 10, '2021-01-01 23:45:10', '2021-01-01 23:45:10'),
(446, 74, 16, '2021-01-01 23:45:10', '2021-01-01 23:45:10'),
(447, 75, 15, '2021-01-01 23:50:31', '2021-01-01 23:50:31'),
(448, 75, 17, '2021-01-01 23:50:31', '2021-01-01 23:50:31'),
(449, 75, 18, '2021-01-01 23:50:31', '2021-01-01 23:50:31'),
(450, 75, 10, '2021-01-01 23:50:31', '2021-01-01 23:50:31'),
(451, 75, 16, '2021-01-01 23:50:31', '2021-01-01 23:50:31'),
(452, 76, 15, '2021-01-01 23:52:38', '2021-01-01 23:52:38'),
(453, 76, 18, '2021-01-01 23:52:38', '2021-01-01 23:52:38'),
(454, 76, 16, '2021-01-01 23:52:38', '2021-01-01 23:52:38'),
(455, 77, 15, '2021-01-01 23:55:17', '2021-01-01 23:55:17'),
(456, 77, 18, '2021-01-01 23:55:17', '2021-01-01 23:55:17'),
(457, 77, 16, '2021-01-01 23:55:17', '2021-01-01 23:55:17'),
(458, 78, 15, '2021-01-01 23:56:43', '2021-01-01 23:56:43'),
(459, 78, 18, '2021-01-01 23:56:43', '2021-01-01 23:56:43'),
(460, 78, 16, '2021-01-01 23:56:43', '2021-01-01 23:56:43'),
(461, 79, 15, '2021-01-02 00:00:04', '2021-01-02 00:00:04'),
(462, 79, 18, '2021-01-02 00:00:04', '2021-01-02 00:00:04'),
(463, 79, 16, '2021-01-02 00:00:04', '2021-01-02 00:00:04'),
(464, 80, 15, '2021-01-02 00:03:33', '2021-01-02 00:03:33'),
(465, 80, 17, '2021-01-02 00:03:33', '2021-01-02 00:03:33'),
(466, 80, 18, '2021-01-02 00:03:33', '2021-01-02 00:03:33'),
(467, 80, 10, '2021-01-02 00:03:33', '2021-01-02 00:03:33'),
(468, 80, 16, '2021-01-02 00:03:33', '2021-01-02 00:03:33'),
(469, 81, 6, '2021-01-02 00:05:41', '2021-01-02 00:05:41'),
(470, 81, 7, '2021-01-02 00:05:41', '2021-01-02 00:05:41'),
(471, 81, 8, '2021-01-02 00:05:41', '2021-01-02 00:05:41'),
(472, 81, 16, '2021-01-02 00:05:41', '2021-01-02 00:05:41'),
(473, 82, 6, '2021-01-02 00:07:31', '2021-01-02 00:07:31'),
(474, 82, 7, '2021-01-02 00:07:31', '2021-01-02 00:07:31'),
(475, 82, 8, '2021-01-02 00:07:31', '2021-01-02 00:07:31'),
(476, 82, 16, '2021-01-02 00:07:31', '2021-01-02 00:07:31'),
(481, 83, 6, '2021-01-02 00:08:59', '2021-01-02 00:08:59'),
(482, 83, 7, '2021-01-02 00:08:59', '2021-01-02 00:08:59'),
(483, 83, 8, '2021-01-02 00:08:59', '2021-01-02 00:08:59'),
(484, 83, 16, '2021-01-02 00:08:59', '2021-01-02 00:08:59'),
(485, 84, 6, '2021-01-02 00:10:11', '2021-01-02 00:10:11'),
(486, 84, 7, '2021-01-02 00:10:11', '2021-01-02 00:10:11'),
(487, 84, 8, '2021-01-02 00:10:11', '2021-01-02 00:10:11'),
(488, 84, 16, '2021-01-02 00:10:11', '2021-01-02 00:10:11'),
(489, 85, 8, '2021-01-02 00:26:57', '2021-01-02 00:26:57'),
(490, 85, 16, '2021-01-02 00:26:57', '2021-01-02 00:26:57'),
(491, 86, 8, '2021-01-02 00:27:53', '2021-01-02 00:27:53'),
(492, 86, 16, '2021-01-02 00:27:53', '2021-01-02 00:27:53'),
(493, 87, 8, '2021-01-02 00:29:54', '2021-01-02 00:29:54'),
(494, 87, 16, '2021-01-02 00:29:54', '2021-01-02 00:29:54'),
(495, 88, 8, '2021-01-02 00:30:13', '2021-01-02 00:30:13'),
(496, 88, 16, '2021-01-02 00:30:13', '2021-01-02 00:30:13'),
(497, 89, 8, '2021-01-02 00:31:05', '2021-01-02 00:31:05'),
(498, 89, 16, '2021-01-02 00:31:05', '2021-01-02 00:31:05'),
(499, 90, 8, '2021-01-02 00:33:26', '2021-01-02 00:33:26'),
(500, 90, 16, '2021-01-02 00:33:26', '2021-01-02 00:33:26'),
(503, 92, 9, '2021-01-03 20:09:50', '2021-01-03 20:09:50'),
(504, 92, 16, '2021-01-03 20:09:50', '2021-01-03 20:09:50'),
(505, 91, 8, '2021-01-03 20:10:01', '2021-01-03 20:10:01'),
(506, 91, 16, '2021-01-03 20:10:01', '2021-01-03 20:10:01'),
(507, 93, 9, '2021-01-03 20:11:02', '2021-01-03 20:11:02'),
(508, 93, 16, '2021-01-03 20:11:02', '2021-01-03 20:11:02'),
(509, 94, 9, '2021-01-03 20:11:15', '2021-01-03 20:11:15'),
(510, 94, 16, '2021-01-03 20:11:15', '2021-01-03 20:11:15'),
(511, 95, 9, '2021-01-03 20:11:30', '2021-01-03 20:11:30'),
(512, 95, 16, '2021-01-03 20:11:30', '2021-01-03 20:11:30'),
(513, 96, 9, '2021-01-03 20:11:41', '2021-01-03 20:11:41'),
(514, 96, 16, '2021-01-03 20:11:41', '2021-01-03 20:11:41'),
(515, 97, 9, '2021-01-03 20:11:51', '2021-01-03 20:11:51'),
(516, 97, 16, '2021-01-03 20:11:51', '2021-01-03 20:11:51'),
(517, 98, 3, '2021-01-03 20:26:12', '2021-01-03 20:26:12'),
(518, 98, 5, '2021-01-03 20:26:12', '2021-01-03 20:26:12'),
(519, 98, 16, '2021-01-03 20:26:12', '2021-01-03 20:26:12'),
(520, 99, 3, '2021-01-03 20:32:00', '2021-01-03 20:32:00'),
(521, 99, 10, '2021-01-03 20:32:00', '2021-01-03 20:32:00'),
(522, 99, 16, '2021-01-03 20:32:00', '2021-01-03 20:32:00'),
(523, 100, 3, '2021-01-03 20:34:26', '2021-01-03 20:34:26'),
(524, 100, 10, '2021-01-03 20:34:26', '2021-01-03 20:34:26'),
(525, 100, 16, '2021-01-03 20:34:26', '2021-01-03 20:34:26'),
(537, 101, 17, '2021-01-03 20:39:54', '2021-01-03 20:39:54'),
(538, 101, 16, '2021-01-03 20:39:54', '2021-01-03 20:39:54'),
(539, 102, 17, '2021-01-03 20:40:03', '2021-01-03 20:40:03'),
(540, 102, 16, '2021-01-03 20:40:03', '2021-01-03 20:40:03'),
(542, 103, 19, '2021-01-03 20:41:21', '2021-01-03 20:41:21'),
(543, 103, 16, '2021-01-03 20:41:21', '2021-01-03 20:41:21'),
(544, 104, 19, '2021-01-03 20:42:49', '2021-01-03 20:42:49'),
(545, 104, 16, '2021-01-03 20:42:49', '2021-01-03 20:42:49'),
(546, 105, 19, '2021-01-03 20:44:53', '2021-01-03 20:44:53'),
(547, 105, 16, '2021-01-03 20:44:53', '2021-01-03 20:44:53'),
(548, 106, 19, '2021-01-03 20:46:35', '2021-01-03 20:46:35'),
(549, 106, 16, '2021-01-03 20:46:35', '2021-01-03 20:46:35'),
(550, 107, 19, '2021-01-03 20:47:29', '2021-01-03 20:47:29'),
(551, 107, 16, '2021-01-03 20:47:29', '2021-01-03 20:47:29'),
(552, 108, 16, '2021-01-03 20:49:03', '2021-01-03 20:49:03'),
(553, 108, 20, '2021-01-03 20:49:03', '2021-01-03 20:49:03'),
(554, 108, 21, '2021-01-03 20:49:03', '2021-01-03 20:49:03'),
(555, 108, 23, '2021-01-03 20:49:03', '2021-01-03 20:49:03'),
(556, 109, 22, '2021-01-03 20:51:06', '2021-01-03 20:51:06'),
(557, 109, 16, '2021-01-03 20:51:06', '2021-01-03 20:51:06'),
(558, 110, 22, '2021-01-03 20:52:06', '2021-01-03 20:52:06'),
(559, 110, 16, '2021-01-03 20:52:06', '2021-01-03 20:52:06');

-- --------------------------------------------------------

--
-- Struktur dari tabel `users`
--

CREATE TABLE `users` (
  `id` bigint(20) UNSIGNED NOT NULL,
  `name` varchar(255) NOT NULL,
  `email` varchar(255) NOT NULL,
  `email_verified_at` timestamp NULL DEFAULT NULL,
  `password` varchar(255) NOT NULL,
  `remember_token` varchar(100) DEFAULT NULL,
  `created_at` timestamp NULL DEFAULT NULL,
  `updated_at` timestamp NULL DEFAULT NULL
) ENGINE=InnoDB DEFAULT CHARSET=utf8mb4 COLLATE=utf8mb4_unicode_ci;

--
-- Dumping data untuk tabel `users`
--

INSERT INTO `users` (`id`, `name`, `email`, `email_verified_at`, `password`, `remember_token`, `created_at`, `updated_at`) VALUES
(1, 'sarah', 'sarah@gmail.com', NULL, '$2y$10$t/3aqfuQqheOtM2ntCKBIunh1zgZ7OUn9S/zmucd.dRu1b3injxLC', NULL, '2020-11-08 00:38:35', '2020-11-08 00:38:35'),
(2, 'admin', 'admin@gmail.com', NULL, '$2y$10$nEoKRoHzwZkoS6OMvby8POngfASgoJh3JOr4NyBpQhiLQNsEHGyJ.', NULL, '2020-11-08 17:05:13', '2020-11-08 17:05:13'),
(3, 'resy', 'resy@gmail.com', NULL, '$2y$10$GrkfGGcoLnj8fW.t4B0z/uLH2ASqzrNl98uNZMVjjrUBQNBIMVa7C', NULL, '2020-12-16 18:55:44', '2020-12-16 18:55:44'),
(4, 'admin', 'admin1@gmail.com', NULL, '$2y$10$UHb/wyWEPF1HNifdhzt1xOZvWZPG3Bs2ign8YQgyA7Yaza5dKXEOK', NULL, '2021-01-02 00:18:26', '2021-01-02 00:18:26'),
(5, 'latifah', 'latifah@gmail.com', NULL, '$2y$10$rMx7.c/PUerfBAFfeKLiCuoebPCVHaI0BzcW/Ld/wOn9anWwfAwCm', NULL, '2021-08-24 01:53:52', '2021-08-24 01:53:52'),
(6, 'superadmin', 'superadmin@gmail.com', NULL, '$2y$10$F3o8ouxKBum3UdoLTnSOeO3wbws1uQ4bl7.9zZ55Ci07JdqZ0nWlK', NULL, '2023-01-19 03:09:32', '2023-01-19 03:09:32');

--
-- Indexes for dumped tables
--

--
-- Indeks untuk tabel `failed_jobs`
--
ALTER TABLE `failed_jobs`
  ADD PRIMARY KEY (`id`),
  ADD UNIQUE KEY `failed_jobs_uuid_unique` (`uuid`);

--
-- Indeks untuk tabel `jurusans`
--
ALTER TABLE `jurusans`
  ADD PRIMARY KEY (`id`);

--
-- Indeks untuk tabel `jurusan_sekolahs`
--
ALTER TABLE `jurusan_sekolahs`
  ADD PRIMARY KEY (`id`);

--
-- Indeks untuk tabel `kriterias`
--
ALTER TABLE `kriterias`
  ADD PRIMARY KEY (`id`);

--
-- Indeks untuk tabel `migrations`
--
ALTER TABLE `migrations`
  ADD PRIMARY KEY (`id`);

--
-- Indeks untuk tabel `password_resets`
--
ALTER TABLE `password_resets`
  ADD KEY `password_resets_email_index` (`email`);

--
-- Indeks untuk tabel `personal_access_tokens`
--
ALTER TABLE `personal_access_tokens`
  ADD PRIMARY KEY (`id`),
  ADD UNIQUE KEY `personal_access_tokens_token_unique` (`token`),
  ADD KEY `personal_access_tokens_tokenable_type_tokenable_id_index` (`tokenable_type`,`tokenable_id`);

--
-- Indeks untuk tabel `pertanyaans`
--
ALTER TABLE `pertanyaans`
  ADD PRIMARY KEY (`id`),
  ADD KEY `pertanyaans_id_prodi_foreign` (`id_prodi`),
  ADD KEY `pertanyaans_id_kriteria_foreign` (`id_kriteria`);

--
-- Indeks untuk tabel `preferences`
--
ALTER TABLE `preferences`
  ADD PRIMARY KEY (`id`);

--
-- Indeks untuk tabel `prodis`
--
ALTER TABLE `prodis`
  ADD PRIMARY KEY (`id`),
  ADD KEY `prodis_jurusan_id_foreign` (`jurusan_id`);

--
-- Indeks untuk tabel `tabel_pilihans`
--
ALTER TABLE `tabel_pilihans`
  ADD PRIMARY KEY (`id`),
  ADD KEY `tabel_pilihans_id_jurusan_sekolah_foreign` (`id_jurusan_sekolah`),
  ADD KEY `tabel_pilihans_prodi_id_foreign` (`prodi_id`);

--
-- Indeks untuk tabel `users`
--
ALTER TABLE `users`
  ADD PRIMARY KEY (`id`),
  ADD UNIQUE KEY `users_email_unique` (`email`);

--
-- AUTO_INCREMENT untuk tabel yang dibuang
--

--
-- AUTO_INCREMENT untuk tabel `failed_jobs`
--
ALTER TABLE `failed_jobs`
  MODIFY `id` bigint(20) UNSIGNED NOT NULL AUTO_INCREMENT;

--
-- AUTO_INCREMENT untuk tabel `jurusans`
--
ALTER TABLE `jurusans`
  MODIFY `id` bigint(20) UNSIGNED NOT NULL AUTO_INCREMENT, AUTO_INCREMENT=12;

--
-- AUTO_INCREMENT untuk tabel `jurusan_sekolahs`
--
ALTER TABLE `jurusan_sekolahs`
  MODIFY `id` bigint(20) UNSIGNED NOT NULL AUTO_INCREMENT, AUTO_INCREMENT=111;

--
-- AUTO_INCREMENT untuk tabel `kriterias`
--
ALTER TABLE `kriterias`
  MODIFY `id` bigint(20) UNSIGNED NOT NULL AUTO_INCREMENT, AUTO_INCREMENT=7;

--
-- AUTO_INCREMENT untuk tabel `migrations`
--
ALTER TABLE `migrations`
  MODIFY `id` int(10) UNSIGNED NOT NULL AUTO_INCREMENT, AUTO_INCREMENT=12;

--
-- AUTO_INCREMENT untuk tabel `personal_access_tokens`
--
ALTER TABLE `personal_access_tokens`
  MODIFY `id` bigint(20) UNSIGNED NOT NULL AUTO_INCREMENT;

--
-- AUTO_INCREMENT untuk tabel `pertanyaans`
--
ALTER TABLE `pertanyaans`
  MODIFY `id` bigint(20) UNSIGNED NOT NULL AUTO_INCREMENT, AUTO_INCREMENT=22;

--
-- AUTO_INCREMENT untuk tabel `preferences`
--
ALTER TABLE `preferences`
  MODIFY `id` bigint(20) UNSIGNED NOT NULL AUTO_INCREMENT, AUTO_INCREMENT=4;

--
-- AUTO_INCREMENT untuk tabel `prodis`
--
ALTER TABLE `prodis`
  MODIFY `id` bigint(20) UNSIGNED NOT NULL AUTO_INCREMENT, AUTO_INCREMENT=24;

--
-- AUTO_INCREMENT untuk tabel `tabel_pilihans`
--
ALTER TABLE `tabel_pilihans`
  MODIFY `id` bigint(20) UNSIGNED NOT NULL AUTO_INCREMENT, AUTO_INCREMENT=560;

--
-- AUTO_INCREMENT untuk tabel `users`
--
ALTER TABLE `users`
  MODIFY `id` bigint(20) UNSIGNED NOT NULL AUTO_INCREMENT, AUTO_INCREMENT=7;

--
-- Ketidakleluasaan untuk tabel pelimpahan (Dumped Tables)
--

--
-- Ketidakleluasaan untuk tabel `pertanyaans`
--
ALTER TABLE `pertanyaans`
  ADD CONSTRAINT `pertanyaans_id_kriteria_foreign` FOREIGN KEY (`id_kriteria`) REFERENCES `kriterias` (`id`) ON DELETE CASCADE,
  ADD CONSTRAINT `pertanyaans_id_prodi_foreign` FOREIGN KEY (`id_prodi`) REFERENCES `prodis` (`id`) ON DELETE CASCADE;

--
-- Ketidakleluasaan untuk tabel `prodis`
--
ALTER TABLE `prodis`
  ADD CONSTRAINT `prodis_jurusan_id_foreign` FOREIGN KEY (`jurusan_id`) REFERENCES `jurusans` (`id`) ON DELETE CASCADE;

--
-- Ketidakleluasaan untuk tabel `tabel_pilihans`
--
ALTER TABLE `tabel_pilihans`
  ADD CONSTRAINT `tabel_pilihans_id_jurusan_sekolah_foreign` FOREIGN KEY (`id_jurusan_sekolah`) REFERENCES `jurusan_sekolahs` (`id`) ON DELETE CASCADE,
  ADD CONSTRAINT `tabel_pilihans_prodi_id_foreign` FOREIGN KEY (`prodi_id`) REFERENCES `prodis` (`id`) ON DELETE CASCADE;
COMMIT;

/*!40101 SET CHARACTER_SET_CLIENT=@OLD_CHARACTER_SET_CLIENT */;
/*!40101 SET CHARACTER_SET_RESULTS=@OLD_CHARACTER_SET_RESULTS */;
/*!40101 SET COLLATION_CONNECTION=@OLD_COLLATION_CONNECTION */;
